{
    "left_camera_matrix": [
        [
            1722.9591342866659,
            0.0,
            932.4726129364086
        ],
        [
            0.0,
            1729.5996138452924,
            536.9028709304312
        ],
        [
            0.0,
            0.0,
            1.0
        ]
    ],
    "right_camera_matrix": [
        [
            1732.7591269231189,
            0.0,
            957.6896878330803
        ],
        [
            0.0,
            1742.0272118737748,
            538.2482528617539
        ],
        [
            0.0,
            0.0,
            1.0
        ]
    ],
    "left_dist": [
        [
            0.0795605137117808,
            -0.005252383767180098,
            -0.00017898698518975658,
            -0.0017758597004157294,
            -0.28662305212481287
        ]
    ],
    "right_dist": [
        [
            0.0565392764964654,
            0.09659623001353915,
            -0.001406015051825124,
            0.0002638704485336755,
            -0.5510661580461428
        ]
    ],
    "width": 1920,
    "height": 1080,
    "DIM": [
        1920,
        1080
    ],
    "left_rms": 0.17625682460418632,
    "right_rms": 0.25743068778490924,
    "left_right_flags": 8,
    "left_right_criteria": [
        3,
        30,
        1e-06
    ],
    "stereo_rms": 0.28416548443564105,
    "R": [
        [
            0.99137562135058,
            0.006406487639202434,
            0.13089436316312497
        ],
        [
            -0.0071805413764106435,
            0.9999594089559285,
            0.005442450372018849
        ],
        [
            -0.13085418303322577,
            -0.006335405009861625,
            0.9913813824286131
        ]
    ],
    "T": [
        [
            -1.0398091071182443
        ],
        [
            -0.03255210065869347
        ],
        [
            0.08608321994243713
        ]
    ],
    "stereo_flags": 1,
    "stereo_criteria": [
        3,
        100,
        1e-05
    ],
    "left_RT": [
        [
            0.9980821458588715,
            0.03808666120820641,
            0.04879996266147715
        ],
        [
            -0.038173678577638634,
            0.9992707562343063,
            0.0008520556136611969
        ],
        [
            -0.04873192363945213,
            -0.002713295584514065,
            0.9988082086394111
        ]
    ],
    "right_RT": [
        [
            0.9961059492689662,
            0.031183936460407957,
            -0.08246514377483764
        ],
        [
            -0.0313311092941826,
            0.9995089397399087,
            -0.0004908873594276649
        ],
        [
            0.08240934061966149,
            0.0030727002517167462,
            0.9965938285439035
        ]
    ],
    "left_P": [
        [
            1735.8134128595336,
            0.0,
            981.6743774414062,
            0.0
        ],
        [
            0.0,
            1735.8134128595336,
            536.8335723876953,
            0.0
        ],
        [
            0.0,
            0.0,
            1.0,
            0.0
        ]
    ],
    "right_P": [
        [
            1735.8134128595336,
            0.0,
            981.6743774414062,
            -1811.9704999994776
        ],
        [
            0.0,
            1735.8134128595336,
            536.8335723876953,
            0.0
        ],
        [
            0.0,
            0.0,
            1.0,
            0.0
        ]
    ],
    "Q": [
        [
            1.0,
            0.0,
            0.0,
            -981.6743774414062
        ],
        [
            0.0,
            1.0,
            0.0,
            -536.8335723876953
        ],
        [
            0.0,
            0.0,
            0.0,
            1735.8134128595336
        ],
        [
            0.0,
            0.0,
            0.9579700181984386,
            -0.0
        ]
    ],
    "calibration_time": "27/07/2025 18:59:18"
}